,Mean(T) ,AAV(T),AAD(T),Variance(T),Energy(T),MCR(T),RMS(T),Skewness(T),Kurtosis(T),ZCR(T),Mean(G) ,AAV(G),AAD(G),Variance(G),Energy(G),MCR(G),RMS(G),Skewness(G),Kurtosis(G),ZCR(G),Mean(B) ,AAV(B),AAD(B),Variance(B),Energy(B),MCR(B),RMS(B),Skewness(B),Kurtosis(B),ZCR(B)
Window 1,32.0,48.0,0,0,1024.0,0,32.0,0,0,0,68.0,102.0,4.0,10.666666666666666,4634.666666666667,2.0,68.0784,0.0,1.5,0,321.0,481.5,0,0,103041.0,0,321.0,0,0,0
Window 2,32.0,48.0,0,0,1024.0,0,32.0,0,0,0,73.0,109.5,5.5,20.666666666666668,5349.666666666667,1.0,73.1414,0.3193122665787532,1.4999999999999998,0,321.0,481.5,0,0,103041.0,0,321.0,0,0,0
Window 3,32.0,64.0,0,0,1024.0,0,32.0,0,0,0,75.5,151.0,7.0,12.25,5712.5,1.0,75.5811,0.0,1.0,0,321.0,642.0,0,0,103041.0,0,321.0,0,0,0
