{"ANN": 905.0, "SDNN": 81.891696770796, "SDSD": 72.75224318802059, "NN50": 2, "SDANN": ""nan"", "SDNN_INDEX": ""nan"", "RRI_Mean": ""nan"", "pNN50": 0.125, "NN20": 2, "pNN20": 0.125, "rMSSD": 71.7961524038719, "MedianNN": 930.0,"VLF" : 0.0009765625,"LF" : 0.0400390625,"HF" : 0.1796875,"LF/HF" : 0.22282608695652173}