{"SDNN": 79.98520573265206, "SDSD": 50.58511803551186, "NN50": 5, "SDANN": ""nan"", "SDNN_INDEX": ""nan"", "RRI_Mean": ""nan"", "pNN50": 0.38461538461538464, "NN20": 5, "pNN20": 0.38461538461538464, "rMSSD": 48.73397172404483, "MedianNN": 1120.0,"VLF" : 0.0390625,"LF" : 0.0712890625,"HF" : 0.150390625,"LF/HF" : 0.474025974025974}