{"ANN": 800.3125, "SDNN": 308.24842228914974, "SDSD": 469.2968735838282, "NN50": 3, "SDANN": "nan", "SDNN_INDEX": "nan", "pNN50": 0.1875, "NN20": 3, "pNN20": 0.1875, "rMSSD": 454.60662940612735, "MedianNN": 927.5}